Timestamp,Client IP,Domain,Mode,Server_IP,Step,Response type,RTT(s),Cache Status,Cumulative Time(ms),Cumulative Bytes
2025-10-28 10:11:36,10.0.0.254,mobile.events.data.microsoft.com.,Recursive,8.8.8.8,Root,Response,46.7005,MISS,46.7005,273
2025-10-28 10:11:40,10.0.0.254,main.vscode-cdn.net.,Recursive,8.8.8.8,Root,Response,75.2369,MISS,75.2369,280
2025-10-28 10:11:46,10.0.0.254,metadata.google.internal.,Recursive,8.8.8.8,Root,Referral,81.5831,MISS,81.5831,201
2025-10-28 10:11:46,10.0.0.254,metadata.google.internal.,Recursive,-,N/A,Failure,None,MISS,81.5831,201
2025-10-28 10:11:46,10.0.0.254,metadata.google.internal.,Recursive,-,Cache,Response,None,HIT,0,0
2025-10-28 10:11:47,10.0.0.254,metadata.google.internal.,Recursive,-,Cache,Response,None,HIT,0,0
2025-10-28 10:11:48,10.0.0.254,metadata.google.internal.,Recursive,-,Cache,Response,None,HIT,0,0
2025-10-28 10:11:57,10.0.0.254,default.exp-tas.com.,Recursive,8.8.8.8,Root,Response,35.8227,MISS,35.8227,193
2025-10-28 10:12:28,10.0.0.2,likeminded.ca.,Recursive,8.8.8.8,Root,Response,455.3298,MISS,455.3298,109
2025-10-28 10:12:31,10.0.0.2,alltransport.ru.,Recursive,8.8.8.8,Root,Response,83.2569,MISS,83.2569,115
2025-10-28 10:12:35,10.0.0.2,brown.edu.,Recursive,8.8.8.8,Root,Response,295.6993,MISS,295.6993,97
2025-10-28 10:12:35,10.0.0.254,default.exp-tas.com.,Recursive,-,Cache,Response,None,HIT,0,0
2025-10-28 10:12:38,10.0.0.2,fauzanalfi.com.,Recursive,8.8.8.8,Root,Referral,94.901,MISS,94.901,160
2025-10-28 10:12:38,10.0.0.2,fauzanalfi.com.,Recursive,-,N/A,Failure,None,MISS,94.901,160
2025-10-28 10:12:41,10.0.0.254,westus-0.in.applicationinsights.azure.com.,Recursive,8.8.8.8,Root,Response,94.4178,MISS,94.4178,324
2025-10-28 10:12:44,10.0.0.254,api.github.com.,Recursive,8.8.8.8,Root,Response,35.1266,MISS,35.1266,112
2025-10-28 10:12:47,10.0.0.2,supreetsethi.net.,Recursive,8.8.8.8,Root,Referral,40.5953,MISS,40.5953,175
2025-10-28 10:12:47,10.0.0.2,supreetsethi.net.,Recursive,-,N/A,Failure,None,MISS,40.5953,175
2025-10-28 10:12:47,10.0.0.254,api.github.com.,Recursive,-,Cache,Response,None,HIT,0,0
2025-10-28 10:12:50,10.0.0.2,gucenmez.com.,Recursive,8.8.8.8,Root,Response,40.8261,MISS,40.8261,122
2025-10-28 10:12:50,10.0.0.254,api.github.com.,Recursive,-,Cache,Response,None,HIT,0,0
2025-10-28 10:12:53,10.0.0.2,seedy.dk.,Recursive,8.8.8.8,Root,Response,32.3111,MISS,32.3111,94
2025-10-28 10:12:57,10.0.0.2,51cdngo.com.,Recursive,8.8.8.8,Root,Referral,980.4995,MISS,980.4995,151
2025-10-28 10:12:57,10.0.0.2,51cdngo.com.,Recursive,-,N/A,Failure,None,MISS,980.4995,151
2025-10-28 10:13:00,10.0.0.2,simple-health-reports.com.,Recursive,8.8.8.8,Root,Referral,38.8773,MISS,38.8773,202
2025-10-28 10:13:00,10.0.0.2,simple-health-reports.com.,Recursive,-,N/A,Failure,None,MISS,38.8773,202
2025-10-28 10:13:04,10.0.0.2,hivelocitymedia.com.,Recursive,8.8.8.8,Root,Response,327.2651,MISS,327.2651,143
2025-10-28 10:13:07,10.0.0.2,jabeye.org.,Recursive,8.8.8.8,Root,Response,403.2741,MISS,403.2741,100
2025-10-28 10:13:10,10.0.0.2,ticketbis.com.,Recursive,8.8.8.8,Root,Referral,228.9744,MISS,228.9744,156
2025-10-28 10:13:10,10.0.0.2,ticketbis.com.,Recursive,-,N/A,Failure,None,MISS,228.9744,156
2025-10-28 10:13:13,10.0.0.2,cellularfactory.com.,Recursive,8.8.8.8,Root,Response,71.6557,MISS,71.6557,127
2025-10-28 10:13:13,10.0.0.254,default.exp-tas.com.,Recursive,-,Cache,Response,None,HIT,0,0
2025-10-28 10:13:17,10.0.0.2,tsksv.ru.,Recursive,8.8.8.8,Root,Response,769.0996,MISS,769.0996,94
2025-10-28 10:13:17,10.0.0.254,westus-0.in.applicationinsights.azure.com.,Recursive,-,Cache,Response,None,HIT,0,0
2025-10-28 10:13:21,10.0.0.2,gaybodyblog.com.,Recursive,8.8.8.8,Root,Response,86.0674,MISS,86.0674,115
2025-10-28 10:13:24,10.0.0.2,datadikdki.net.,Recursive,8.8.8.8,Root,Response,340.916,MISS,340.916,128
2025-10-28 10:13:28,10.0.0.2,mumphi.de.,Recursive,8.8.8.8,Root,Response,364.7062,MISS,364.7062,97
2025-10-28 10:13:31,10.0.0.2,brfone.com.,Recursive,8.8.8.8,Root,Response,572.8256,MISS,572.8256,116
2025-10-28 10:13:35,10.0.0.2,newpages2u.com.,Recursive,8.8.8.8,Root,Response,261.9728,MISS,261.9728,112
2025-10-28 10:13:38,10.0.0.2,bigjournalism.com.,Recursive,8.8.8.8,Root,Response,42.2269,MISS,42.2269,137
2025-10-28 10:13:41,10.0.0.2,congsoxanh.com.,Recursive,8.8.8.8,Root,Response,44.8441,MISS,44.8441,128
2025-10-28 10:13:44,10.0.0.2,visualtap.com.,Recursive,8.8.8.8,Root,Response,36.5628,MISS,36.5628,109
2025-10-28 10:13:47,10.0.0.2,oberoncompany.com.,Recursive,8.8.8.8,Root,Response,46.2207,MISS,46.2207,137
2025-10-28 10:13:51,10.0.0.2,consejodentistas.org.,Recursive,8.8.8.8,Root,Response,341.3704,MISS,341.3704,130
2025-10-28 10:13:54,10.0.0.2,k-dsl.de.,Recursive,8.8.8.8,Root,Referral,226.0531,MISS,226.0531,141
2025-10-28 10:13:54,10.0.0.2,k-dsl.de.,Recursive,-,N/A,Failure,None,MISS,226.0531,141
2025-10-28 10:13:57,10.0.0.2,asip.es.,Recursive,8.8.8.8,Root,Referral,48.5999,MISS,48.5999,130
2025-10-28 10:13:57,10.0.0.2,asip.es.,Recursive,-,N/A,Failure,None,MISS,48.5999,130
2025-10-28 10:14:01,10.0.0.2,androgyn.org.,Recursive,8.8.8.8,Root,Response,385.481,MISS,385.481,106
2025-10-28 10:14:04,10.0.0.2,panaceadream.com.,Recursive,8.8.8.8,Root,Referral,345.8778,MISS,345.8778,175
2025-10-28 10:14:04,10.0.0.2,panaceadream.com.,Recursive,-,N/A,Failure,None,MISS,345.8778,175
2025-10-28 10:14:07,10.0.0.2,hotel.ch.,Recursive,8.8.8.8,Root,Response,52.3462,MISS,52.3462,110
2025-10-28 10:14:11,10.0.0.2,c3budiman.tk.,Recursive,8.8.8.8,Root,Referral,176.6192,MISS,176.6192,150
2025-10-28 10:14:11,10.0.0.2,c3budiman.tk.,Recursive,-,N/A,Failure,None,MISS,176.6192,150
2025-10-28 10:14:14,10.0.0.2,obtscan.com.,Recursive,8.8.8.8,Root,Referral,43.7266,MISS,43.7266,160
2025-10-28 10:14:14,10.0.0.2,obtscan.com.,Recursive,-,N/A,Failure,None,MISS,43.7266,160
2025-10-28 10:14:18,10.0.0.2,phoenix-music.ru.,Recursive,8.8.8.8,Root,Referral,857.6629,MISS,857.6629,163
2025-10-28 10:14:18,10.0.0.2,phoenix-music.ru.,Recursive,-,N/A,Failure,None,MISS,857.6629,163
2025-10-28 10:14:21,10.0.0.2,motiie.com.,Recursive,8.8.8.8,Root,Referral,43.1115,MISS,43.1115,157
2025-10-28 10:14:21,10.0.0.2,motiie.com.,Recursive,-,N/A,Failure,None,MISS,43.1115,157
2025-10-28 10:14:24,10.0.0.2,cncdesign.co.kr.,Recursive,8.8.8.8,Root,Response,36.8929,MISS,36.8929,115
2025-10-28 10:14:27,10.0.0.2,udoo24.com.,Recursive,8.8.8.8,Root,Response,106.8847,MISS,106.8847,100
2025-10-28 10:14:31,10.0.0.2,ljyelectronic.com.,Recursive,8.8.8.8,Root,Response,53.1212,MISS,53.1212,121
2025-10-28 10:14:34,10.0.0.2,bek.ir.,Recursive,8.8.8.8,Root,Referral,406.8983,MISS,406.8983,119
2025-10-28 10:14:34,10.0.0.2,bek.ir.,Recursive,-,N/A,Failure,None,MISS,406.8983,119
2025-10-28 10:14:37,10.0.0.2,valerievandenbroek.nl.,Recursive,8.8.8.8,Root,Referral,47.3919,MISS,47.3919,170
2025-10-28 10:14:37,10.0.0.2,valerievandenbroek.nl.,Recursive,-,N/A,Failure,None,MISS,47.3919,170
2025-10-28 10:14:41,10.0.0.2,lacuentaperdida.org.,Recursive,8.8.8.8,Root,Referral,115.3643,MISS,115.3643,193
2025-10-28 10:14:41,10.0.0.2,lacuentaperdida.org.,Recursive,-,N/A,Failure,None,MISS,115.3643,193
2025-10-28 10:14:44,10.0.0.2,alkoholiker-clan.de.,Recursive,8.8.8.8,Root,Response,54.9228,MISS,54.9228,127
2025-10-28 10:14:47,10.0.0.2,doommovie.com.,Recursive,8.8.8.8,Root,Response,50.6711,MISS,50.6711,125
2025-10-28 10:14:50,10.0.0.2,xqgcab.com.,Recursive,8.8.8.8,Root,Referral,38.3897,MISS,38.3897,157
2025-10-28 10:14:50,10.0.0.2,xqgcab.com.,Recursive,-,N/A,Failure,None,MISS,38.3897,157
2025-10-28 10:14:54,10.0.0.2,uanet.net.,Recursive,8.8.8.8,Root,Response,496.6672,MISS,496.6672,97
2025-10-28 10:14:57,10.0.0.2,tomorrowsreflection.com.,Recursive,8.8.8.8,Root,Response,36.7113,MISS,36.7113,139
2025-10-28 10:15:00,10.0.0.2,lighthouse.cc.,Recursive,8.8.8.8,Root,Response,262.7196,MISS,262.7196,109
2025-10-28 10:15:04,10.0.0.2,7sports.jp.,Recursive,8.8.8.8,Root,Response,301.4694,MISS,301.4694,100
2025-10-28 10:15:07,10.0.0.2,gamepsvita.com.,Recursive,8.8.8.8,Root,Response,45.6172,MISS,45.6172,128
2025-10-28 10:15:10,10.0.0.2,thunderex.com.,Recursive,8.8.8.8,Root,Response,100.1458,MISS,100.1458,109
2025-10-28 10:15:14,10.0.0.2,zamlelova.ru.,Recursive,8.8.8.8,Root,Response,1429.1051,MISS,1429.1051,106
2025-10-28 10:15:18,10.0.0.2,atomicbase.com.,Recursive,8.8.8.8,Root,Response,34.7822,MISS,34.7822,112
2025-10-28 10:15:21,10.0.0.2,qdushu.com.,Recursive,8.8.8.8,Root,Response,33.8542,MISS,33.8542,126
2025-10-28 10:15:24,10.0.0.2,raqualia.com.,Recursive,8.8.8.8,Root,Referral,34.9904,MISS,34.9904,148
2025-10-28 10:15:24,10.0.0.2,raqualia.com.,Recursive,-,N/A,Failure,None,MISS,34.9904,148
2025-10-28 10:15:27,10.0.0.2,fanzi.pl.,Recursive,8.8.8.8,Root,Referral,41.9416,MISS,41.9416,135
2025-10-28 10:15:27,10.0.0.2,fanzi.pl.,Recursive,-,N/A,Failure,None,MISS,41.9416,135
2025-10-28 10:15:30,10.0.0.2,womenology.com.,Recursive,8.8.8.8,Root,Response,40.8077,MISS,40.8077,112
2025-10-28 10:15:33,10.0.0.2,tonaci.com.,Recursive,8.8.8.8,Root,Response,97.2027,MISS,97.2027,100
2025-10-28 10:15:37,10.0.0.2,youngsnetwork.it.,Recursive,8.8.8.8,Root,Referral,39.6854,MISS,39.6854,157
2025-10-28 10:15:37,10.0.0.2,youngsnetwork.it.,Recursive,-,N/A,Failure,None,MISS,39.6854,157
2025-10-28 10:15:40,10.0.0.2,gvowebcast.com.,Recursive,8.8.8.8,Root,Response,50.123,MISS,50.123,128
2025-10-28 10:15:43,10.0.0.2,aspiringwriter.ca.,Recursive,8.8.8.8,Root,Referral,52.994,MISS,52.994,172
2025-10-28 10:15:43,10.0.0.2,aspiringwriter.ca.,Recursive,-,N/A,Failure,None,MISS,52.994,172
2025-10-28 10:15:46,10.0.0.2,heygal.net.,Recursive,8.8.8.8,Root,Referral,42.3286,MISS,42.3286,157
2025-10-28 10:15:46,10.0.0.2,heygal.net.,Recursive,-,N/A,Failure,None,MISS,42.3286,157
2025-10-28 10:15:49,10.0.0.2,mpskota.com.,Recursive,8.8.8.8,Root,Response,38.9682,MISS,38.9682,103
2025-10-28 10:15:52,10.0.0.2,ohdev.co.uk.,Recursive,8.8.8.8,Root,Response,39.6785,MISS,39.6785,103
2025-10-28 10:15:56,10.0.0.2,topilehtipuu.com.,Recursive,8.8.8.8,Root,Response,404.4983,MISS,404.4983,118
2025-10-28 10:15:59,10.0.0.2,thereeftank.com.,Recursive,8.8.8.8,Root,Response,41.3495,MISS,41.3495,163
2025-10-28 10:16:03,10.0.0.2,volksschule-neufahrn.de.,Recursive,8.8.8.8,Root,Referral,479.3297,MISS,479.3297,186
2025-10-28 10:16:03,10.0.0.2,volksschule-neufahrn.de.,Recursive,-,N/A,Failure,None,MISS,479.3297,186
2025-10-28 10:16:06,10.0.0.2,qingjiaopidaiji.com.,Recursive,8.8.8.8,Root,Referral,38.9571,MISS,38.9571,184
2025-10-28 10:16:06,10.0.0.2,qingjiaopidaiji.com.,Recursive,-,N/A,Failure,None,MISS,38.9571,184
2025-10-28 10:16:10,10.0.0.2,jcwcn.com.,Recursive,8.8.8.8,Root,Response,897.7139,MISS,897.7139,97
2025-10-28 10:16:13,10.0.0.2,huhgmbh.com.,Recursive,8.8.8.8,Root,Response,36.924,MISS,36.924,119
2025-10-28 10:16:17,10.0.0.2,redcrosseth.org.,Recursive,8.8.8.8,Root,Response,577.4115,MISS,577.4115,115
2025-10-28 10:16:20,10.0.0.2,lookpage.org.,Recursive,8.8.8.8,Root,Referral,37.3512,MISS,37.3512,172
2025-10-28 10:16:20,10.0.0.2,lookpage.org.,Recursive,-,N/A,Failure,None,MISS,37.3512,172
2025-10-28 10:16:25,10.0.0.2,mplus.hk.,Recursive,8.8.8.8,Root,Response,2532.3176,MISS,2532.3176,94
2025-10-28 10:16:29,10.0.0.2,sandieskorner.com.,Recursive,8.8.8.8,Root,Referral,41.4539,MISS,41.4539,178
2025-10-28 10:16:29,10.0.0.2,sandieskorner.com.,Recursive,-,N/A,Failure,None,MISS,41.4539,178
2025-10-28 10:16:32,10.0.0.2,sinemagrafik.com.,Recursive,8.8.8.8,Root,Referral,41.0914,MISS,41.0914,175
2025-10-28 10:16:32,10.0.0.2,sinemagrafik.com.,Recursive,-,N/A,Failure,None,MISS,41.0914,175
2025-10-28 10:16:35,10.0.0.2,itattoos.org.,Recursive,8.8.8.8,Root,Referral,36.159,MISS,36.159,172
2025-10-28 10:16:35,10.0.0.2,itattoos.org.,Recursive,-,N/A,Failure,None,MISS,36.159,172
2025-10-28 10:16:38,10.0.0.2,lgmonitorreview.nl.,Recursive,8.8.8.8,Root,Referral,40.2318,MISS,40.2318,161
2025-10-28 10:16:38,10.0.0.2,lgmonitorreview.nl.,Recursive,-,N/A,Failure,None,MISS,40.2318,161
2025-10-28 10:16:42,10.0.0.2,sscw.ee.,Recursive,8.8.8.8,Root,Response,751.6723,MISS,751.6723,91
2025-10-28 10:16:45,10.0.0.2,nucre.com.,Recursive,8.8.8.8,Root,Response,34.5123,MISS,34.5123,97
2025-10-28 10:16:48,10.0.0.2,cornesoft.com.,Recursive,8.8.8.8,Root,Referral,101.0929,MISS,101.0929,166
2025-10-28 10:16:48,10.0.0.2,cornesoft.com.,Recursive,-,N/A,Failure,None,MISS,101.0929,166
2025-10-28 10:16:52,10.0.0.2,mattselznick.com.,Recursive,8.8.8.8,Root,Response,351.0238,MISS,351.0238,118
2025-10-28 10:16:55,10.0.0.2,horn-elektronik.com.,Recursive,8.8.8.8,Root,Response,779.6553,MISS,779.6553,127
2025-10-28 10:16:59,10.0.0.2,rousing.dk.,Recursive,8.8.8.8,Root,Response,840.9232,MISS,840.9232,100
2025-10-28 10:17:03,10.0.0.2,i12.de.,Recursive,8.8.8.8,Root,Referral,199.289,MISS,199.289,153
2025-10-28 10:17:03,10.0.0.2,i12.de.,Recursive,-,N/A,Failure,None,MISS,199.289,153
2025-10-28 10:17:06,10.0.0.2,casco.com.,Recursive,8.8.8.8,Root,Response,44.3355,MISS,44.3355,97
2025-10-28 10:17:09,10.0.0.2,ambassadorsspfhf.org.,Recursive,8.8.8.8,Root,Referral,35.7655,MISS,35.7655,196
2025-10-28 10:17:09,10.0.0.2,ambassadorsspfhf.org.,Recursive,-,N/A,Failure,None,MISS,35.7655,196
2025-10-28 10:17:12,10.0.0.2,capella.edu.,Recursive,8.8.8.8,Root,Response,35.7764,MISS,35.7764,119
2025-10-28 10:17:15,10.0.0.2,nipslab.org.,Recursive,8.8.8.8,Root,Response,35.9053,MISS,35.9053,103
2025-10-28 10:17:19,10.0.0.2,webxtrap.com.,Recursive,8.8.8.8,Root,Response,36.0757,MISS,36.0757,106
2025-10-28 10:17:22,10.0.0.2,stopallthathating.com.,Recursive,8.8.8.8,Root,Referral,36.0359,MISS,36.0359,190
2025-10-28 10:17:22,10.0.0.2,stopallthathating.com.,Recursive,-,N/A,Failure,None,MISS,36.0359,190
2025-10-28 10:17:25,10.0.0.2,ovtoc.com.,Recursive,8.8.8.8,Root,Response,34.5438,MISS,34.5438,97
2025-10-28 10:17:29,10.0.0.2,vaco.ru.,Recursive,8.8.8.8,Root,Response,899.5994,MISS,899.5994,91
2025-10-28 10:17:32,10.0.0.2,ku.edu.,Recursive,8.8.8.8,Root,Response,362.7524,MISS,362.7524,88
2025-10-28 10:17:36,10.0.0.2,amedeos.net.,Recursive,8.8.8.8,Root,Response,102.7152,MISS,102.7152,119
2025-10-28 10:17:39,10.0.0.2,thankfullyyours.com.,Recursive,8.8.8.8,Root,Response,95.6878,MISS,95.6878,127
2025-10-28 10:17:42,10.0.0.2,elettronix.com.,Recursive,8.8.8.8,Root,Response,44.3799,MISS,44.3799,112
2025-10-28 10:17:46,10.0.0.2,meintrendyhandy.de.,Recursive,8.8.8.8,Root,Response,858.6735,MISS,858.6735,124
2025-10-28 10:17:49,10.0.0.2,a-loud.com.,Recursive,8.8.8.8,Root,Response,36.1468,MISS,36.1468,100
2025-10-28 10:17:53,10.0.0.2,hznzcn.com.,Recursive,8.8.8.8,Root,Response,736.3339,MISS,736.3339,100
2025-10-28 10:17:57,10.0.0.2,zilch.org.,Recursive,8.8.8.8,Root,Response,881.1886,MISS,881.1886,97
2025-10-28 10:18:00,10.0.0.2,metabans.com.,Recursive,8.8.8.8,Root,Response,70.6226,MISS,70.6226,122
2025-10-28 10:18:04,10.0.0.2,tretsomshop.nl.,Recursive,8.8.8.8,Root,Response,353.5066,MISS,353.5066,112
2025-10-28 10:18:07,10.0.0.2,gba4iosapp.com.,Recursive,8.8.8.8,Root,Response,48.1643,MISS,48.1643,112
2025-10-28 10:20:01,10.0.0.3,tenant-internet.com.,Recursive,8.8.8.8,Root,Referral,89.9425,MISS,89.9425,184
2025-10-28 10:20:01,10.0.0.3,tenant-internet.com.,Recursive,-,N/A,Failure,None,MISS,89.9425,184
2025-10-28 10:20:04,10.0.0.3,gadanguides.com.,Recursive,8.8.8.8,Root,Response,86.7446,MISS,86.7446,115
2025-10-28 10:20:08,10.0.0.3,charityjob.co.uk.,Recursive,8.8.8.8,Root,Response,88.86,MISS,88.86,150
2025-10-28 10:20:11,10.0.0.3,sarahpartridge.net.,Recursive,8.8.8.8,Root,Referral,48.474,MISS,48.474,181
2025-10-28 10:20:11,10.0.0.3,sarahpartridge.net.,Recursive,-,N/A,Failure,None,MISS,48.474,181
2025-10-28 10:20:14,10.0.0.3,ecolems.com.,Recursive,8.8.8.8,Root,Response,300.2903,MISS,300.2903,103
2025-10-28 10:20:18,10.0.0.3,marilynlingerie.com.,Recursive,8.8.8.8,Root,Referral,41.5767,MISS,41.5767,184
2025-10-28 10:20:18,10.0.0.3,marilynlingerie.com.,Recursive,-,N/A,Failure,None,MISS,41.5767,184
2025-10-28 10:20:21,10.0.0.3,anvilnetworksolutions.net.,Recursive,8.8.8.8,Root,Response,37.0233,MISS,37.0233,145
2025-10-28 10:20:24,10.0.0.3,cdmail.fr.,Recursive,8.8.8.8,Root,Response,471.3634,MISS,471.3634,97
2025-10-28 10:20:28,10.0.0.3,freeditorial.com.,Recursive,8.8.8.8,Root,Response,80.9816,MISS,80.9816,118
2025-10-28 10:20:31,10.0.0.3,ciber.com.,Recursive,8.8.8.8,Root,Response,81.6549,MISS,81.6549,97
2025-10-28 10:20:34,10.0.0.3,get-webby.com.,Recursive,8.8.8.8,Root,Referral,94.871,MISS,94.871,166
2025-10-28 10:20:34,10.0.0.3,get-webby.com.,Recursive,-,N/A,Failure,None,MISS,94.871,166
2025-10-28 10:20:38,10.0.0.3,gadgetgearpro.com.,Recursive,8.8.8.8,Root,Referral,67.6873,MISS,67.6873,178
2025-10-28 10:20:38,10.0.0.3,gadgetgearpro.com.,Recursive,-,N/A,Failure,None,MISS,67.6873,178
2025-10-28 10:20:41,10.0.0.3,sonoma-marinfair.org.,Recursive,8.8.8.8,Root,Response,175.6527,MISS,175.6527,146
2025-10-28 10:20:44,10.0.0.3,ishidatic.com.,Recursive,8.8.8.8,Root,Response,350.1636,MISS,350.1636,109
2025-10-28 10:20:48,10.0.0.3,minecraftserverdeals.com.,Recursive,8.8.8.8,Root,Response,104.468,MISS,104.468,158
2025-10-28 10:20:51,10.0.0.3,romney.com.,Recursive,8.8.8.8,Root,Response,31.8563,MISS,31.8563,100
2025-10-28 10:20:54,10.0.0.3,bookingnest.com.,Recursive,8.8.8.8,Root,Response,102.6922,MISS,102.6922,131
2025-10-28 10:20:57,10.0.0.3,metar.gr.,Recursive,8.8.8.8,Root,Response,100.252,MISS,100.252,94
2025-10-28 10:21:01,10.0.0.3,bigliettieventi.info.,Recursive,8.8.8.8,Root,Referral,355.9976,MISS,355.9976,193
2025-10-28 10:21:01,10.0.0.3,bigliettieventi.info.,Recursive,-,N/A,Failure,None,MISS,355.9976,193
2025-10-28 10:21:04,10.0.0.3,asseenontvlaunchpad.com.,Recursive,8.8.8.8,Root,Referral,93.0248,MISS,93.0248,196
2025-10-28 10:21:04,10.0.0.3,asseenontvlaunchpad.com.,Recursive,-,N/A,Failure,None,MISS,93.0248,196
2025-10-28 10:21:07,10.0.0.3,ftf.com.,Recursive,8.8.8.8,Root,Response,186.491,MISS,186.491,91
2025-10-28 10:21:11,10.0.0.3,polymth.com.,Recursive,8.8.8.8,Root,Response,45.3154,MISS,45.3154,119
2025-10-28 10:21:14,10.0.0.3,crsgfk.de.,Recursive,8.8.8.8,Root,Referral,93.1996,MISS,93.1996,144
2025-10-28 10:21:14,10.0.0.3,crsgfk.de.,Recursive,-,N/A,Failure,None,MISS,93.1996,144
2025-10-28 10:21:17,10.0.0.3,urbannetwork.co.uk.,Recursive,8.8.8.8,Root,Response,94.4479,MISS,94.4479,124
2025-10-28 10:21:20,10.0.0.3,synrc.com.,Recursive,8.8.8.8,Root,Response,40.4578,MISS,40.4578,113
2025-10-28 10:21:23,10.0.0.3,callcomm.info.,Recursive,8.8.8.8,Root,Referral,97.702,MISS,97.702,172
2025-10-28 10:21:23,10.0.0.3,callcomm.info.,Recursive,-,N/A,Failure,None,MISS,97.702,172
2025-10-28 10:21:27,10.0.0.3,ceskykutil.cz.,Recursive,8.8.8.8,Root,Response,881.8333,MISS,881.8333,109
2025-10-28 10:21:31,10.0.0.3,ximangquantrieu.com.,Recursive,8.8.8.8,Root,Response,203.8251,MISS,203.8251,127
2025-10-28 10:21:34,10.0.0.3,shishioh.info.,Recursive,8.8.8.8,Root,Response,271.3092,MISS,271.3092,109
2025-10-28 10:21:37,10.0.0.3,vpndefender.com.,Recursive,8.8.8.8,Root,Response,46.0045,MISS,46.0045,131
2025-10-28 10:21:41,10.0.0.3,hutago.com.,Recursive,8.8.8.8,Root,Response,338.8515,MISS,338.8515,100
2025-10-28 10:21:44,10.0.0.3,tangkas888.com.,Recursive,8.8.8.8,Root,Response,47.903,MISS,47.903,128
2025-10-28 10:21:49,10.0.0.3,egov.sy.,Recursive,8.8.8.8,Root,Response,1461.068,MISS,1461.068,91
2025-10-28 10:21:52,10.0.0.3,abmcare.com.,Recursive,8.8.8.8,Root,Response,43.3921,MISS,43.3921,119
2025-10-28 10:21:55,10.0.0.3,iael.com.,Recursive,8.8.8.8,Root,Response,261.2325,MISS,261.2325,142
2025-10-28 10:21:59,10.0.0.3,sailor.pl.,Recursive,8.8.8.8,Root,Response,416.2407,MISS,416.2407,97
2025-10-28 10:22:02,10.0.0.3,skyhightmatter.info.,Recursive,8.8.8.8,Root,Referral,271.1875,MISS,271.1875,190
2025-10-28 10:22:02,10.0.0.3,skyhightmatter.info.,Recursive,-,N/A,Failure,None,MISS,271.1875,190
2025-10-28 10:22:05,10.0.0.3,autopareri.com.,Recursive,8.8.8.8,Root,Response,39.3259,MISS,39.3259,112
2025-10-28 10:22:09,10.0.0.3,cia.it.,Recursive,8.8.8.8,Root,Response,443.3818,MISS,443.3818,104
2025-10-28 10:22:12,10.0.0.3,texasbeyondhistory.net.,Recursive,8.8.8.8,Root,Response,32.312,MISS,32.312,136
2025-10-28 10:22:15,10.0.0.3,gardenofwords.com.,Recursive,8.8.8.8,Root,Response,43.0188,MISS,43.0188,137
2025-10-28 10:22:19,10.0.0.3,giuseppelivraghi.it.,Recursive,8.8.8.8,Root,Response,449.2632,MISS,449.2632,127
2025-10-28 10:22:22,10.0.0.3,hdcric.com.,Recursive,8.8.8.8,Root,Response,36.1717,MISS,36.1717,148
2025-10-28 10:22:25,10.0.0.3,chekiang.info.,Recursive,8.8.8.8,Root,Referral,94.6857,MISS,94.6857,172
2025-10-28 10:22:25,10.0.0.3,chekiang.info.,Recursive,-,N/A,Failure,None,MISS,94.6857,172
2025-10-28 10:22:28,10.0.0.3,archiportale.com.,Recursive,8.8.8.8,Root,Response,43.4456,MISS,43.4456,134
2025-10-28 10:22:32,10.0.0.3,de.vu.,Recursive,8.8.8.8,Root,Response,103.8488,MISS,103.8488,85
2025-10-28 10:22:35,10.0.0.3,teachmyass.info.,Recursive,8.8.8.8,Root,Response,396.4066,MISS,396.4066,115
2025-10-28 10:22:38,10.0.0.3,nasaspaceflight.com.,Recursive,8.8.8.8,Root,Response,41.0601,MISS,41.0601,143
2025-10-28 10:22:41,10.0.0.3,consumerreviews24.com.,Recursive,8.8.8.8,Root,Referral,41.6326,MISS,41.6326,190
2025-10-28 10:22:41,10.0.0.3,consumerreviews24.com.,Recursive,-,N/A,Failure,None,MISS,41.6326,190
2025-10-28 10:22:45,10.0.0.3,dilw.ie.,Recursive,8.8.8.8,Root,Response,35.3083,MISS,35.3083,91
2025-10-28 10:22:48,10.0.0.3,bbqinjector.com.,Recursive,8.8.8.8,Root,Referral,345.3933,MISS,345.3933,172
2025-10-28 10:22:48,10.0.0.3,bbqinjector.com.,Recursive,-,N/A,Failure,None,MISS,345.3933,172
2025-10-28 10:22:52,10.0.0.3,gxjbsj.com.,Recursive,8.8.8.8,Root,Response,242.2348,MISS,242.2348,100
2025-10-28 10:22:55,10.0.0.3,fmnara.com.,Recursive,8.8.8.8,Root,Response,380.231,MISS,380.231,100
2025-10-28 10:22:58,10.0.0.3,pet-connect.ru.,Recursive,8.8.8.8,Root,Response,33.0754,MISS,33.0754,112
2025-10-28 10:23:02,10.0.0.3,synchchaos.com.,Recursive,8.8.8.8,Root,Response,315.5464,MISS,315.5464,112
2025-10-28 10:23:05,10.0.0.3,uca.edu.,Recursive,8.8.8.8,Root,Response,306.8644,MISS,306.8644,91
2025-10-28 10:23:08,10.0.0.3,oaister.org.,Recursive,8.8.8.8,Root,Response,102.8068,MISS,102.8068,103
2025-10-28 10:23:12,10.0.0.3,chenghuavideo.asia.,Recursive,-,N/A,Failure,None,MISS,348.2779,108
2025-10-28 10:23:15,10.0.0.3,video-peche-poisson.fr.,Recursive,8.8.8.8,Root,Referral,40.3622,MISS,40.3622,178
2025-10-28 10:23:15,10.0.0.3,video-peche-poisson.fr.,Recursive,-,N/A,Failure,None,MISS,40.3622,178
2025-10-28 10:23:18,10.0.0.3,currencyrates.org.,Recursive,8.8.8.8,Root,Response,101.8466,MISS,101.8466,137
2025-10-28 10:23:21,10.0.0.3,zpav.pl.,Recursive,8.8.8.8,Root,Response,36.7927,MISS,36.7927,91
2025-10-28 10:23:25,10.0.0.3,tawali.com.,Recursive,8.8.8.8,Root,Response,101.779,MISS,101.779,100
2025-10-28 10:23:28,10.0.0.3,dock2office.com.,Recursive,8.8.8.8,Root,Referral,38.7596,MISS,38.7596,172
2025-10-28 10:23:28,10.0.0.3,dock2office.com.,Recursive,-,N/A,Failure,None,MISS,38.7596,172
2025-10-28 10:23:31,10.0.0.3,vlielandoutdoorcenter.nl.,Recursive,8.8.8.8,Root,Response,485.021,MISS,485.021,142
2025-10-28 10:23:35,10.0.0.3,gregginn.com.,Recursive,8.8.8.8,Root,Response,99.3503,MISS,99.3503,122
2025-10-28 10:23:38,10.0.0.3,arcoat.com.,Recursive,8.8.8.8,Root,Response,323.654,MISS,323.654,100
2025-10-28 10:23:42,10.0.0.3,cushinglawoffices.com.,Recursive,8.8.8.8,Root,Referral,308.0977,MISS,308.0977,190
2025-10-28 10:23:42,10.0.0.3,cushinglawoffices.com.,Recursive,-,N/A,Failure,None,MISS,308.0977,190
2025-10-28 10:23:45,10.0.0.3,eggcityradio.com.,Recursive,8.8.8.8,Root,Response,551.2392,MISS,551.2392,118
2025-10-28 10:23:49,10.0.0.3,michaelbyers.org.,Recursive,8.8.8.8,Root,Response,97.8614,MISS,97.8614,166
2025-10-28 10:23:52,10.0.0.3,stkpro.ru.,Recursive,8.8.8.8,Root,Response,685.8628,MISS,685.8628,97
2025-10-28 10:23:56,10.0.0.3,silveropt.ru.,Recursive,8.8.8.8,Root,Referral,859.4985,MISS,859.4985,151
2025-10-28 10:23:56,10.0.0.3,silveropt.ru.,Recursive,-,N/A,Failure,None,MISS,859.4985,151
2025-10-28 10:24:00,10.0.0.3,topbarbee.com.,Recursive,8.8.8.8,Root,Response,43.4551,MISS,43.4551,109
2025-10-28 10:24:03,10.0.0.3,teleskill.it.,Recursive,8.8.8.8,Root,Response,98.8563,MISS,98.8563,106
2025-10-28 10:24:06,10.0.0.3,virtualjerusalem.com.,Recursive,8.8.8.8,Root,Response,34.1696,MISS,34.1696,130
2025-10-28 10:24:09,10.0.0.3,morban.co.uk.,Recursive,8.8.8.8,Root,Response,385.1649,MISS,385.1649,106
2025-10-28 10:24:13,10.0.0.3,mechachal.org.,Recursive,8.8.8.8,Root,Referral,169.85,MISS,169.85,175
2025-10-28 10:24:13,10.0.0.3,mechachal.org.,Recursive,-,N/A,Failure,None,MISS,169.85,175
2025-10-28 10:24:16,10.0.0.3,noblewomanhood.com.,Recursive,8.8.8.8,Root,Response,312.7512,MISS,312.7512,124
2025-10-28 10:24:20,10.0.0.3,cosmeticaestheticsurgery.com.,Recursive,8.8.8.8,Root,Response,343.4148,MISS,343.4148,170
2025-10-28 10:24:23,10.0.0.3,note-so-easy.co.za.,Recursive,8.8.8.8,Root,Response,604.4405,MISS,604.4405,124
2025-10-28 10:24:27,10.0.0.3,vietcapitaltour.com.,Recursive,8.8.8.8,Root,Referral,38.3935,MISS,38.3935,184
2025-10-28 10:24:27,10.0.0.3,vietcapitaltour.com.,Recursive,-,N/A,Failure,None,MISS,38.3935,184
2025-10-28 10:24:30,10.0.0.3,ncees.org.,Recursive,8.8.8.8,Root,Response,41.8453,MISS,41.8453,113
2025-10-28 10:24:33,10.0.0.3,laigang001.com.,Recursive,8.8.8.8,Root,Referral,388.236,MISS,388.236,169
2025-10-28 10:24:33,10.0.0.3,laigang001.com.,Recursive,-,N/A,Failure,None,MISS,388.236,169
2025-10-28 10:24:37,10.0.0.3,verlockeshop.de.,Recursive,8.8.8.8,Root,Response,456.2062,MISS,456.2062,115
2025-10-28 10:24:40,10.0.0.3,clickdownloadfiles.com.,Recursive,8.8.8.8,Root,Referral,333.9158,MISS,333.9158,193
2025-10-28 10:24:40,10.0.0.3,clickdownloadfiles.com.,Recursive,-,N/A,Failure,None,MISS,333.9158,193
2025-10-28 10:24:44,10.0.0.3,e-hps.com.,Recursive,8.8.8.8,Root,Response,96.7296,MISS,96.7296,97
2025-10-28 10:24:47,10.0.0.3,drglendza.co.rs.,Recursive,8.8.8.8,Root,Referral,424.2559,MISS,424.2559,152
2025-10-28 10:24:47,10.0.0.3,drglendza.co.rs.,Recursive,-,N/A,Failure,None,MISS,424.2559,152
2025-10-28 10:24:50,10.0.0.3,ghimpele.ro.,Recursive,8.8.8.8,Root,Response,102.4138,MISS,102.4138,103
2025-10-28 10:24:54,10.0.0.3,pahibu.net.,Recursive,8.8.8.8,Root,Referral,39.6141,MISS,39.6141,157
2025-10-28 10:24:54,10.0.0.3,pahibu.net.,Recursive,-,N/A,Failure,None,MISS,39.6141,157
2025-10-28 10:24:57,10.0.0.3,trackcheatingspouse.com.,Recursive,8.8.8.8,Root,Referral,348.3112,MISS,348.3112,196
2025-10-28 10:24:57,10.0.0.3,trackcheatingspouse.com.,Recursive,-,N/A,Failure,None,MISS,348.3112,196
2025-10-28 10:25:01,10.0.0.3,dricom-hosting.nl.,Recursive,8.8.8.8,Root,Response,453.5148,MISS,453.5148,121
2025-10-28 10:25:04,10.0.0.3,medipacademy.com.,Recursive,8.8.8.8,Root,Response,105.5479,MISS,105.5479,134
2025-10-28 10:25:07,10.0.0.3,e-daily.gr.,Recursive,8.8.8.8,Root,Response,100.2942,MISS,100.2942,132
2025-10-28 10:25:10,10.0.0.3,cuteteenschoolgirlz.com.,Recursive,8.8.8.8,Root,Referral,38.701,MISS,38.701,196
2025-10-28 10:25:10,10.0.0.3,cuteteenschoolgirlz.com.,Recursive,-,N/A,Failure,None,MISS,38.701,196
2025-10-28 10:25:14,10.0.0.3,hralda.info.,Recursive,8.8.8.8,Root,Referral,95.3576,MISS,95.3576,166
2025-10-28 10:25:14,10.0.0.3,hralda.info.,Recursive,-,N/A,Failure,None,MISS,95.3576,166
2025-10-28 10:25:17,10.0.0.3,sendrakhizonline.com.,Recursive,8.8.8.8,Root,Response,250.9667,MISS,250.9667,130
2025-10-28 10:25:20,10.0.0.3,hayalforum.net.,Recursive,8.8.8.8,Root,Referral,266.9956,MISS,266.9956,169
2025-10-28 10:25:20,10.0.0.3,hayalforum.net.,Recursive,-,N/A,Failure,None,MISS,266.9956,169
2025-10-28 10:25:24,10.0.0.3,begleyhutton.com.,Recursive,8.8.8.8,Root,Response,36.5737,MISS,36.5737,166
2025-10-28 10:25:27,10.0.0.3,bmw-parts.ru.,Recursive,8.8.8.8,Root,Response,727.1379,MISS,727.1379,106
2025-10-28 10:25:31,10.0.0.3,rterc.in.,Recursive,8.8.8.8,Root,Response,45.5423,MISS,45.5423,110
2025-10-28 10:25:34,10.0.0.3,monitis.com.,Recursive,8.8.8.8,Root,Response,33.6461,MISS,33.6461,103
2025-10-28 10:37:43,10.0.0.4,gustissimo.it.,Recursive,8.8.8.8,Root,Response,63.4126,MISS,63.4126,141
2025-10-28 10:37:46,10.0.0.4,auto-klad.ru.,Recursive,8.8.8.8,Root,Response,50.6867,MISS,50.6867,106
2025-10-28 10:37:50,10.0.0.4,iointegrators.com.,Recursive,8.8.8.8,Root,Response,401.4795,MISS,401.4795,121
2025-10-28 10:37:53,10.0.0.4,daytimeghosthunter.com.,Recursive,8.8.8.8,Root,Referral,88.244,MISS,88.244,193
2025-10-28 10:37:53,10.0.0.4,daytimeghosthunter.com.,Recursive,-,N/A,Failure,None,MISS,88.244,193
2025-10-28 10:37:56,10.0.0.4,sapendolo.it.,Recursive,-,N/A,Failure,None,MISS,80.0466,90
2025-10-28 10:38:00,10.0.0.4,saharaimport.com.,Recursive,8.8.8.8,Root,Response,81.6768,MISS,81.6768,118
2025-10-28 10:38:03,10.0.0.4,ngoanhien.com.,Recursive,8.8.8.8,Root,Referral,42.5476,MISS,42.5476,166
2025-10-28 10:38:03,10.0.0.4,ngoanhien.com.,Recursive,-,N/A,Failure,None,MISS,42.5476,166
2025-10-28 10:38:06,10.0.0.4,itgeorgia.co.,Recursive,8.8.8.8,Root,Response,429.8668,MISS,429.8668,106
2025-10-28 10:38:10,10.0.0.4,myfantasticpark.es.,Recursive,8.8.8.8,Root,Response,321.2409,MISS,321.2409,124
2025-10-28 10:38:13,10.0.0.4,vinayaprabha.com.,Recursive,8.8.8.8,Root,Response,45.1051,MISS,45.1051,150
2025-10-28 10:38:16,10.0.0.4,sitiweb.us.,Recursive,8.8.8.8,Root,Response,32.929,MISS,32.929,100
2025-10-28 10:38:20,10.0.0.4,contentremarketing.com.,Recursive,8.8.8.8,Root,Response,33.8297,MISS,33.8297,136
2025-10-28 10:38:23,10.0.0.4,videofun.me.,Recursive,8.8.8.8,Root,Referral,124.7438,MISS,124.7438,160
2025-10-28 10:38:23,10.0.0.4,videofun.me.,Recursive,-,N/A,Failure,None,MISS,124.7438,160
2025-10-28 10:38:26,10.0.0.4,breezelaw.com.,Recursive,8.8.8.8,Root,Response,99.5648,MISS,99.5648,125
2025-10-28 10:38:30,10.0.0.4,ranocchi.it.,Recursive,8.8.8.8,Root,Response,462.9594,MISS,462.9594,103
2025-10-28 10:38:33,10.0.0.4,22hotmail.com.,Recursive,8.8.8.8,Root,Response,35.0453,MISS,35.0453,173
2025-10-28 10:38:37,10.0.0.4,ana-sofia.pt.,Recursive,8.8.8.8,Root,Response,504.9297,MISS,504.9297,106
2025-10-28 10:38:40,10.0.0.4,abhair.com.,Recursive,8.8.8.8,Root,Response,35.9319,MISS,35.9319,100
2025-10-28 10:38:43,10.0.0.4,tripladoppia.com.,Recursive,8.8.8.8,Root,Referral,44.8819,MISS,44.8819,175
2025-10-28 10:38:43,10.0.0.4,tripladoppia.com.,Recursive,-,N/A,Failure,None,MISS,44.8819,175
2025-10-28 10:38:46,10.0.0.4,gardeninginflorida.com.,Recursive,8.8.8.8,Root,Response,100.697,MISS,100.697,152
2025-10-28 10:38:49,10.0.0.4,thepropertyvault.co.uk.,Recursive,8.8.8.8,Root,Response,97.0123,MISS,97.0123,152
2025-10-28 10:38:53,10.0.0.4,viahttps.com.,Recursive,8.8.8.8,Root,Response,323.0425,MISS,323.0425,106
2025-10-28 10:38:57,10.0.0.4,adverman.com.,Recursive,8.8.8.8,Root,Response,488.0795,MISS,488.0795,106
2025-10-28 10:39:00,10.0.0.4,majorleaguelacrosse.com.,Recursive,8.8.8.8,Root,Response,47.6679,MISS,47.6679,155
2025-10-28 10:39:03,10.0.0.4,rubenquinones.com.,Recursive,8.8.8.8,Root,Response,34.5671,MISS,34.5671,137
2025-10-28 10:39:06,10.0.0.4,kanoon-ansar.org.,Recursive,8.8.8.8,Root,Response,40.1496,MISS,40.1496,118
2025-10-28 10:39:10,10.0.0.4,arrabonet.hu.,Recursive,8.8.8.8,Root,Response,437.2626,MISS,437.2626,106
2025-10-28 10:39:13,10.0.0.4,wordai.com.,Recursive,8.8.8.8,Root,Response,40.6346,MISS,40.6346,100
2025-10-28 10:39:16,10.0.0.4,muhammedmusa.com.,Recursive,8.8.8.8,Root,Referral,37.2738,MISS,37.2738,175
2025-10-28 10:39:16,10.0.0.4,muhammedmusa.com.,Recursive,-,N/A,Failure,None,MISS,37.2738,175
2025-10-28 10:39:20,10.0.0.4,freepornvideosx.com.,Recursive,8.8.8.8,Root,Referral,97.691,MISS,97.691,184
2025-10-28 10:39:20,10.0.0.4,freepornvideosx.com.,Recursive,-,N/A,Failure,None,MISS,97.691,184
2025-10-28 10:39:23,10.0.0.4,120shenbing.com.,Recursive,8.8.8.8,Root,Referral,302.5028,MISS,302.5028,172
2025-10-28 10:39:23,10.0.0.4,120shenbing.com.,Recursive,-,N/A,Failure,None,MISS,302.5028,172
2025-10-28 10:39:26,10.0.0.4,onetoshop.nl.,Recursive,8.8.8.8,Root,Response,39.3824,MISS,39.3824,106
2025-10-28 10:39:30,10.0.0.4,meditekyazilim.net.,Recursive,8.8.8.8,Root,Response,507.6238,MISS,507.6238,124
2025-10-28 10:39:33,10.0.0.4,theexoticpersian.com.,Recursive,8.8.8.8,Root,Referral,38.3573,MISS,38.3573,187
2025-10-28 10:39:33,10.0.0.4,theexoticpersian.com.,Recursive,-,N/A,Failure,None,MISS,38.3573,187
2025-10-28 10:39:36,10.0.0.4,boh10suphanburi.com.,Recursive,8.8.8.8,Root,Referral,193.2084,MISS,193.2084,184
2025-10-28 10:39:36,10.0.0.4,boh10suphanburi.com.,Recursive,-,N/A,Failure,None,MISS,193.2084,184
2025-10-28 10:39:40,10.0.0.4,overseasmedical.com.,Recursive,8.8.8.8,Root,Response,399.3328,MISS,399.3328,127
2025-10-28 10:39:43,10.0.0.4,grandcanyongrandhotel.com.,Recursive,8.8.8.8,Root,Response,43.8425,MISS,43.8425,145
2025-10-28 10:39:46,10.0.0.4,boneshoppe.com.,Recursive,8.8.8.8,Root,Referral,35.9868,MISS,35.9868,169
2025-10-28 10:39:46,10.0.0.4,boneshoppe.com.,Recursive,-,N/A,Failure,None,MISS,35.9868,169
2025-10-28 10:39:50,10.0.0.4,sweathelp.org.,Recursive,8.8.8.8,Root,Response,31.0581,MISS,31.0581,109
2025-10-28 10:39:53,10.0.0.4,c0.pl.,Recursive,8.8.8.8,Root,Response,36.3983,MISS,36.3983,85
2025-10-28 10:39:56,10.0.0.4,sipflash.com.,Recursive,8.8.8.8,Root,Referral,97.7922,MISS,97.7922,163
2025-10-28 10:39:56,10.0.0.4,sipflash.com.,Recursive,-,N/A,Failure,None,MISS,97.7922,163
2025-10-28 10:40:00,10.0.0.4,koopsmodellbau.de.,Recursive,8.8.8.8,Root,Response,418.0449,MISS,418.0449,121
2025-10-28 10:40:03,10.0.0.4,lespetiteschoses.com.,Recursive,8.8.8.8,Root,Response,32.4846,MISS,32.4846,130
2025-10-28 10:40:07,10.0.0.4,b2b2c.ca.,Recursive,8.8.8.8,Root,Response,603.6342,MISS,603.6342,94
2025-10-28 10:40:10,10.0.0.4,pilsnerurquell.com.,Recursive,8.8.8.8,Root,Response,38.9902,MISS,38.9902,124
2025-10-28 10:40:13,10.0.0.4,medintime.ru.,Recursive,8.8.8.8,Root,Response,488.3815,MISS,488.3815,122
2025-10-28 10:40:17,10.0.0.4,njafe.org.,Recursive,8.8.8.8,Root,Response,425.1469,MISS,425.1469,97
2025-10-28 10:40:20,10.0.0.4,djbarryblends.com.,Recursive,8.8.8.8,Root,Response,98.3643,MISS,98.3643,121
2025-10-28 10:40:24,10.0.0.4,deine-bahn.de.,Recursive,8.8.8.8,Root,Response,342.905,MISS,342.905,109
2025-10-28 10:40:27,10.0.0.4,hackthissite.org.,Recursive,8.8.8.8,Root,Response,32.4865,MISS,32.4865,182
2025-10-28 10:40:30,10.0.0.4,ereadz.com.,Recursive,8.8.8.8,Root,Referral,40.4614,MISS,40.4614,157
2025-10-28 10:40:30,10.0.0.4,ereadz.com.,Recursive,-,N/A,Failure,None,MISS,40.4614,157
2025-10-28 10:40:34,10.0.0.4,gurukulonline.com.,Recursive,8.8.8.8,Root,Response,279.2627,MISS,279.2627,137
2025-10-28 10:40:37,10.0.0.4,sf-notifications.com.,Recursive,8.8.8.8,Root,Referral,37.9684,MISS,37.9684,192
2025-10-28 10:40:37,10.0.0.4,sf-notifications.com.,Recursive,-,N/A,Failure,None,MISS,37.9684,192
2025-10-28 10:40:40,10.0.0.4,capequilog.com.,Recursive,8.8.8.8,Root,Response,611.6379,MISS,611.6379,112
2025-10-28 10:40:44,10.0.0.4,greens.my.,Recursive,8.8.8.8,Root,Response,40.5266,MISS,40.5266,113
2025-10-28 10:40:48,10.0.0.4,2xfzy.com.,Recursive,8.8.8.8,Root,Response,710.1186,MISS,710.1186,97
2025-10-28 10:40:51,10.0.0.4,magic-illusion.ru.,Recursive,8.8.8.8,Root,Response,328.6068,MISS,328.6068,137
2025-10-28 10:40:54,10.0.0.4,irflashgame.com.,Recursive,8.8.8.8,Root,Referral,46.5254,MISS,46.5254,172
2025-10-28 10:40:54,10.0.0.4,irflashgame.com.,Recursive,-,N/A,Failure,None,MISS,46.5254,172
2025-10-28 10:40:57,10.0.0.4,solcredito.es.,Recursive,8.8.8.8,Root,Response,55.3725,MISS,55.3725,157
2025-10-28 10:41:01,10.0.0.4,go2jump.com.,Recursive,8.8.8.8,Root,Response,33.2201,MISS,33.2201,103
2025-10-28 10:41:04,10.0.0.4,millionfareast.com.,Recursive,8.8.8.8,Root,Response,105.2094,MISS,105.2094,124
2025-10-28 10:41:07,10.0.0.4,msf.be.,Recursive,8.8.8.8,Root,Response,44.9316,MISS,44.9316,88
2025-10-28 10:41:10,10.0.0.4,cellslider.net.,Recursive,8.8.8.8,Root,Response,100.6158,MISS,100.6158,112
2025-10-28 10:41:14,10.0.0.4,bhhsneproperties.com.,Recursive,8.8.8.8,Root,Response,36.3604,MISS,36.3604,130
2025-10-28 10:41:17,10.0.0.4,skplus.kr.,Recursive,8.8.8.8,Root,Referral,211.7383,MISS,211.7383,145
2025-10-28 10:41:17,10.0.0.4,skplus.kr.,Recursive,-,N/A,Failure,None,MISS,211.7383,145
2025-10-28 10:41:20,10.0.0.4,empclan.com.,Recursive,8.8.8.8,Root,Response,321.3769,MISS,321.3769,103
2025-10-28 10:41:24,10.0.0.4,carolgraykennedy.com.,Recursive,8.8.8.8,Root,Referral,39.4696,MISS,39.4696,187
2025-10-28 10:41:24,10.0.0.4,carolgraykennedy.com.,Recursive,-,N/A,Failure,None,MISS,39.4696,187
2025-10-28 10:41:27,10.0.0.4,kiyimuzik.com.,Recursive,8.8.8.8,Root,Response,106.9436,MISS,106.9436,125
2025-10-28 10:41:30,10.0.0.4,yunpda.com.,Recursive,8.8.8.8,Root,Referral,42.1369,MISS,42.1369,157
2025-10-28 10:41:30,10.0.0.4,yunpda.com.,Recursive,-,N/A,Failure,None,MISS,42.1369,157
2025-10-28 10:41:33,10.0.0.4,valdo.com.,Recursive,8.8.8.8,Root,Response,34.0597,MISS,34.0597,97
2025-10-28 10:41:37,10.0.0.4,supportpabiomass.org.,Recursive,8.8.8.8,Root,Response,469.806,MISS,469.806,130
2025-10-28 10:41:40,10.0.0.4,roche-applied-science.com.,Recursive,8.8.8.8,Root,Response,96.3206,MISS,96.3206,145
2025-10-28 10:41:43,10.0.0.4,oneworldinfo.com.,Recursive,8.8.8.8,Root,Response,35.0415,MISS,35.0415,134
2025-10-28 10:41:47,10.0.0.4,7apcrshrmanila.org.,Recursive,8.8.8.8,Root,Referral,100.9213,MISS,100.9213,190
2025-10-28 10:41:47,10.0.0.4,7apcrshrmanila.org.,Recursive,-,N/A,Failure,None,MISS,100.9213,190
2025-10-28 10:41:50,10.0.0.4,ilikecrochet.com.,Recursive,8.8.8.8,Root,Response,42.8883,MISS,42.8883,118
2025-10-28 10:41:53,10.0.0.4,closerdiets.com.,Recursive,8.8.8.8,Root,Response,96.4169,MISS,96.4169,131
2025-10-28 10:41:56,10.0.0.4,myface.com.,Recursive,8.8.8.8,Root,Referral,45.3754,MISS,45.3754,144
2025-10-28 10:41:56,10.0.0.4,myface.com.,Recursive,-,N/A,Failure,None,MISS,45.3754,144
2025-10-28 10:42:00,10.0.0.4,megi.cz.,Recursive,8.8.8.8,Root,Response,99.6827,MISS,99.6827,107
2025-10-28 10:42:03,10.0.0.4,pces.in.,Recursive,8.8.8.8,Root,Response,45.9994,MISS,45.9994,91
2025-10-28 10:42:06,10.0.0.4,originalmagicart.com.,Recursive,8.8.8.8,Root,Response,395.7198,MISS,395.7198,146
2025-10-28 10:42:10,10.0.0.4,godo.co.kr.,Recursive,8.8.8.8,Root,Response,226.7122,MISS,226.7122,100
2025-10-28 10:42:13,10.0.0.4,ugotrelis.com.,Recursive,8.8.8.8,Root,Response,638.5911,MISS,638.5911,109
2025-10-28 10:42:17,10.0.0.4,alb-automobiles.com.,Recursive,8.8.8.8,Root,Referral,35.3829,MISS,35.3829,184
2025-10-28 10:42:17,10.0.0.4,alb-automobiles.com.,Recursive,-,N/A,Failure,None,MISS,35.3829,184
2025-10-28 10:42:20,10.0.0.4,ok-magazine.ru.,Recursive,8.8.8.8,Root,Response,500.6963,MISS,500.6963,112
2025-10-28 10:42:24,10.0.0.4,wiltpr.com.,Recursive,8.8.8.8,Root,Referral,43.8885,MISS,43.8885,157
2025-10-28 10:42:24,10.0.0.4,wiltpr.com.,Recursive,-,N/A,Failure,None,MISS,43.8885,157
2025-10-28 10:42:27,10.0.0.4,dmg-dental.com.,Recursive,8.8.8.8,Root,Response,395.6713,MISS,395.6713,112
2025-10-28 10:42:30,10.0.0.4,silkroadtours.com.,Recursive,8.8.8.8,Root,Response,102.2156,MISS,102.2156,121
2025-10-28 10:42:34,10.0.0.4,rositehost.com.,Recursive,8.8.8.8,Root,Response,484.9308,MISS,484.9308,112
2025-10-28 10:42:38,10.0.0.4,livescan4all.com.,Recursive,8.8.8.8,Root,Response,382.4637,MISS,382.4637,118
2025-10-28 10:42:41,10.0.0.4,oberandsons.com.,Recursive,8.8.8.8,Root,Response,322.6989,MISS,322.6989,115
2025-10-28 10:42:44,10.0.0.4,celerity.com.,Recursive,8.8.8.8,Root,Response,38.5332,MISS,38.5332,106
2025-10-28 10:42:47,10.0.0.4,miscellaneousheathen.com.,Recursive,8.8.8.8,Root,Response,35.3817,MISS,35.3817,142
2025-10-28 10:42:51,10.0.0.4,rolflouisville.com.,Recursive,8.8.8.8,Root,Response,35.7321,MISS,35.7321,124
2025-10-28 10:42:54,10.0.0.4,jacquelinemertz.ch.,Recursive,8.8.8.8,Root,Referral,38.67,MISS,38.67,171
2025-10-28 10:42:54,10.0.0.4,jacquelinemertz.ch.,Recursive,-,N/A,Failure,None,MISS,38.67,171
2025-10-28 10:42:57,10.0.0.4,gaplex.biz.,Recursive,8.8.8.8,Root,Referral,36.4452,MISS,36.4452,146
2025-10-28 10:42:57,10.0.0.4,gaplex.biz.,Recursive,-,N/A,Failure,None,MISS,36.4452,146
2025-10-28 10:43:00,10.0.0.4,frasesdemotivacao.net.,Recursive,8.8.8.8,Root,Referral,36.2666,MISS,36.2666,190
2025-10-28 10:43:00,10.0.0.4,frasesdemotivacao.net.,Recursive,-,N/A,Failure,None,MISS,36.2666,190
2025-10-28 10:43:03,10.0.0.4,divefishhouse.com.,Recursive,8.8.8.8,Root,Referral,37.8458,MISS,37.8458,178
2025-10-28 10:43:03,10.0.0.4,divefishhouse.com.,Recursive,-,N/A,Failure,None,MISS,37.8458,178
2025-10-28 10:43:07,10.0.0.4,stark.dk.,Recursive,8.8.8.8,Root,Response,40.3828,MISS,40.3828,94
2025-10-28 10:43:10,10.0.0.4,xxx-muschis.de.,Recursive,8.8.8.8,Root,Referral,253.1552,MISS,253.1552,159
2025-10-28 10:43:10,10.0.0.4,xxx-muschis.de.,Recursive,-,N/A,Failure,None,MISS,253.1552,159
2025-10-28 10:43:13,10.0.0.4,florenseusa.com.,Recursive,8.8.8.8,Root,Response,32.812,MISS,32.812,115
